iter	MultiRMSE
0	0.008036276689
1	0.008034657627
2	0.008033460644
3	0.00803291414
4	0.008031908695
5	0.008031254274
6	0.008030806459
7	0.008029816068
8	0.008028285294
9	0.008027188742
10	0.008025932489
11	0.008024675348
12	0.008023547216
13	0.008022255783
14	0.008021926054
15	0.008021025181
16	0.008020082663
17	0.008019138767
18	0.008017637086
19	0.008016442958
20	0.008015500247
21	0.008014071718
22	0.008013463352
23	0.008012282854
24	0.008011433701
25	0.00801003296
26	0.008009566099
27	0.008008403977
28	0.008006448515
29	0.008005078402
30	0.008004016727
31	0.008003012683
32	0.008001475574
33	0.007999796638
34	0.007998730882
35	0.007997539312
36	0.00799644184
37	0.007995974496
38	0.007995540515
39	0.007994877876
40	0.007994392049
41	0.007992573092
42	0.007990751199
43	0.007989833847
44	0.007988599144
45	0.007987956346
46	0.00798693059
47	0.007985755841
48	0.00798400698
49	0.007983447737
50	0.007981662699
51	0.007981200991
52	0.007980714534
53	0.007979707012
54	0.007978103302
55	0.007976907657
56	0.00797626196
57	0.007975450738
58	0.007974646949
59	0.007973505343
60	0.007972861529
61	0.007972207593
62	0.007971314783
63	0.007970492968
64	0.007969487846
65	0.007969050833
66	0.007968050078
67	0.007966966576
68	0.007965994345
69	0.007965490577
70	0.00796496842
71	0.007963974568
72	0.007962712608
73	0.007961005433
74	0.007960335123
75	0.00795906585
76	0.007958607545
77	0.007957503754
78	0.007956475405
79	0.007955282309
80	0.007954795503
81	0.007954240938
82	0.007954027379
83	0.007953614377
84	0.007952455513
85	0.007951970056
86	0.007951317202
87	0.007950164203
88	0.007949207458
89	0.007948075023
90	0.007947221989
91	0.007946322892
92	0.007945600764
93	0.007944448547
94	0.007943634033
95	0.007942566146
96	0.00794186679
97	0.007940903759
98	0.007940096231
99	0.007939309807
100	0.007938192483
101	0.007937190573
102	0.007936471946
103	0.007935628049
104	0.007934149038
105	0.007933288354
106	0.007932078929
107	0.007931299956
108	0.007930328553
109	0.00792909828
110	0.007928754003
111	0.007928106692
112	0.007927690598
113	0.007927203399
114	0.007925977062
115	0.007925149954
116	0.007924608049
117	0.007923826348
118	0.00792316224
119	0.007922514337
120	0.007921863305
121	0.007921193102
122	0.00792067626
123	0.007919843814
124	0.007918882664
125	0.007917776204
126	0.007916500995
127	0.00791529565
128	0.007914359635
129	0.00791358896
130	0.007913019145
131	0.007912664764
132	0.007911897405
133	0.007911508348
134	0.007910777521
135	0.007909699866
136	0.00790885247
137	0.007907856607
138	0.007907313182
139	0.00790633611
140	0.007905252269
141	0.007904552724
142	0.007903830862
143	0.00790327142
144	0.007902318468
145	0.007901835239
146	0.007901084927
147	0.007900217094
148	0.007899092499
149	0.007898568091
150	0.007897516815
151	0.007896282774
152	0.007895929276
153	0.007894519101
154	0.007894036441
155	0.007893083155
156	0.007892658549
157	0.007891976
158	0.00789121603
159	0.007890886251
160	0.007889347251
161	0.007888586075
162	0.007887622287
163	0.007886719154
164	0.007885975645
165	0.007885616113
166	0.007884617159
167	0.007883979214
168	0.00788294336
169	0.007881579734
170	0.007881229729
171	0.007880475243
172	0.007880088566
173	0.007879588966
174	0.007878769859
175	0.007877985745
176	0.007877208071
177	0.007876253045
178	0.007875605494
179	0.007874902901
180	0.00787409914
181	0.00787365178
182	0.007872746315
183	0.007872039542
184	0.007870728082
185	0.007870447979
186	0.007869537038
187	0.00786916973
188	0.007868335191
189	0.007867200666
190	0.00786665201
191	0.007865898516
192	0.007864846341
193	0.007864048972
194	0.007863350168
195	0.007862696828
196	0.007862450444
197	0.007862192273
198	0.007861394849
199	0.007860317242
200	0.007859630432
201	0.007858586481
202	0.007857992535
203	0.007857484254
204	0.007856755726
205	0.007856200158
206	0.007855727272
207	0.007855173303
208	0.007854475712
209	0.007853965843
210	0.007853511528
211	0.007852787033
212	0.007852016591
213	0.007851460076
214	0.00785035257
215	0.007849584192
216	0.00784870162
217	0.007848158505
218	0.007847193214
219	0.007846244903
220	0.007845768008
221	0.007845348528
222	0.00784516209
223	0.00784452516
224	0.007844086065
225	0.007842998671
226	0.007842458462
227	0.007841967182
228	0.007841296841
229	0.007840803594
230	0.00783983472
231	0.00783931693
232	0.007838714227
233	0.00783798122
234	0.007837180309
235	0.00783652389
236	0.007835747935
237	0.007834663469
238	0.007833939458
239	0.007833386265
240	0.007832376966
241	0.007831830716
242	0.007831531951
243	0.007830795872
244	0.007829774578
245	0.007829231906
246	0.007828557203
247	0.007828003685
248	0.007827518224
249	0.007827219725
250	0.007826758089
251	0.007826437365
252	0.007825462732
253	0.007824909815
254	0.007824079445
255	0.007823561347
256	0.007822852473
257	0.007822462398
258	0.007822094305
259	0.007821101782
260	0.007820597162
261	0.007820021093
262	0.007819347557
263	0.007818786557
264	0.007818594381
265	0.007818271255
266	0.007817434957
267	0.007817067714
268	0.00781642392
269	0.007815795014
270	0.007815260026
271	0.007814522208
272	0.007814282771
273	0.007813857852
274	0.007812930208
275	0.00781237849
276	0.007811643802
277	0.007811284303
278	0.007810917969
279	0.007810213128
280	0.007809536022
281	0.007809113937
282	0.007808427393
283	0.007807570887
284	0.007806846061
285	0.00780614136
286	0.007805419748
287	0.007804868525
288	0.007804589689
289	0.007804344119
290	0.007803701335
291	0.007803037845
292	0.00780261817
293	0.007802115857
294	0.007801290749
295	0.007800822445
296	0.007800540931
297	0.007800058704
298	0.007799547696
299	0.007799083007
300	0.007798382195
301	0.007797811989
302	0.007796959541
303	0.00779640393
304	0.007795941191
305	0.007795472674
306	0.007795185595
307	0.00779452894
308	0.007793535674
309	0.00779254945
310	0.00779210653
311	0.007791724798
312	0.007791157272
313	0.00779070296
314	0.007790015562
315	0.007789743936
316	0.007789223124
317	0.007788329923
318	0.007787192949
319	0.007786479315
320	0.007786073676
321	0.007785727265
322	0.007785127748
323	0.007785029071
324	0.007784324848
325	0.007783833864
326	0.007783027164
327	0.007782630305
328	0.007782062193
329	0.007781663707
330	0.007781267042
331	0.007780317642
332	0.007779562017
333	0.007779041576
334	0.007778741744
335	0.007778431873
336	0.007778218423
337	0.007777868523
338	0.007777311704
339	0.007776701158
340	0.007776201396
341	0.007775664169
342	0.007775412826
343	0.007774749859
344	0.007774377698
345	0.007773230677
346	0.007772992729
347	0.007772371615
348	0.007771919006
349	0.007771399634
350	0.007771012691
351	0.007770314355
352	0.007770084929
353	0.007769737262
354	0.007768907163
355	0.007768593513
356	0.007768235737
357	0.00776717405
358	0.007766431197
359	0.007765483908
360	0.0077651173
361	0.007764186529
362	0.007763513305
363	0.007763251652
364	0.00776284396
365	0.007762022842
366	0.007761290911
367	0.007760996834
368	0.007760254387
369	0.007759933701
370	0.007759113855
371	0.007758176041
372	0.007757712915
373	0.007757249167
374	0.007756488385
375	0.007756094747
376	0.007755610505
377	0.007755028478
378	0.007754654251
379	0.007753424249
380	0.007752927192
381	0.007752717004
382	0.007752101758
383	0.007751565792
384	0.007750970323
385	0.007750403791
386	0.007750140657
387	0.007749768255
388	0.007749345229
389	0.007748742612
390	0.00774835567
391	0.007747741776
392	0.007747289404
393	0.007746765759
394	0.007746191281
395	0.007745975057
396	0.007745535781
397	0.007744779174
398	0.007744148633
399	0.0077436443
400	0.007742912673
401	0.007742504343
402	0.007742476312
403	0.007742109414
404	0.007741397206
405	0.007741017471
406	0.007740361403
407	0.007740172305
408	0.00773981516
409	0.007739162195
410	0.007738283223
411	0.007737946999
412	0.007737344254
413	0.007736648234
414	0.00773612819
415	0.007735623203
416	0.007734737484
417	0.007734590349
418	0.007733989735
419	0.007732782789
420	0.007732460537
421	0.007732205941
422	0.007731936331
423	0.0077316344
424	0.007731277224
425	0.007730786628
426	0.007730602061
427	0.007730201149
428	0.007729769302
429	0.00772937353
430	0.007728612279
431	0.007727703721
432	0.007726760421
433	0.007726464673
434	0.007725904875
435	0.007725744137
436	0.007725089534
437	0.007724584757
438	0.00772412954
439	0.007723414249
440	0.007722599048
441	0.007722034953
442	0.007721140926
443	0.007720776165
444	0.007720314603
445	0.007719518305
446	0.007719092964
447	0.007718514091
448	0.007717990095
449	0.007717610123
450	0.007717186293
451	0.007716970815
452	0.007716333786
453	0.007716267386
454	0.007715685185
455	0.007715108075
456	0.007714749391
457	0.007714230741
458	0.007713741052
459	0.007713120751
460	0.007712642093
461	0.007712162119
462	0.007712067835
463	0.007711669365
464	0.007711107272
465	0.00771067828
466	0.007710367155
467	0.007709779719
468	0.007709099317
469	0.007708741755
470	0.007708286793
471	0.007707927914
472	0.007707083323
473	0.007706340914
474	0.007705718573
475	0.007705083961
476	0.00770464144
477	0.007704260212
478	0.007703981802
479	0.007703549245
480	0.007703014705
481	0.007702612725
482	0.007702378839
483	0.007702102066
484	0.007701917047
485	0.007701426755
486	0.007700907998
487	0.007700237558
488	0.007700041619
489	0.007699147318
490	0.007698567673
491	0.007698160132
492	0.007697927521
493	0.007697383617
494	0.00769717934
495	0.00769680195
496	0.00769634945
497	0.007696052145
498	0.007695283584
499	0.007695113436
500	0.007694585537
501	0.007694106806
502	0.00769397037
503	0.007693341513
504	0.007692659276
505	0.007692514935
506	0.007692307035
507	0.007691982815
508	0.007691704089
509	0.007691282267
510	0.007690655007
511	0.007690256017
512	0.007689826357
513	0.00768962499
514	0.007689501769
515	0.007689263588
516	0.007688841949
517	0.007688630873
518	0.007688018915
519	0.007687500526
520	0.00768696267
521	0.007686389771
522	0.007686126419
523	0.007685707012
524	0.007685086386
525	0.007684332357
526	0.007684170961
527	0.007683309481
528	0.007682872537
529	0.007682742066
530	0.007682228309
531	0.007682055727
532	0.007681812643
533	0.00768095568
534	0.007680318452
535	0.007679797453
536	0.007679302525
537	0.007678725806
538	0.007678222187
539	0.007677551361
540	0.007677187764
541	0.007676492621
542	0.007675857415
543	0.007675699974
544	0.00767554346
545	0.007675280978
546	0.007675149905
547	0.007674433473
548	0.007674194928
549	0.007673397788
550	0.007673055591
551	0.007672844635
552	0.007672446662
553	0.007672229689
554	0.007671652382
555	0.007670707919
556	0.007670243954
557	0.007669902137
558	0.007669421121
559	0.007668982601
560	0.007668797496
561	0.007668324464
562	0.007667576226
563	0.007667098827
564	0.007666718974
565	0.007666508801
566	0.007665514201
567	0.007665254233
568	0.007664334815
569	0.007663898385
570	0.007663425806
571	0.007662856349
572	0.007662300564
573	0.007662059282
574	0.007661636679
575	0.007660396611
576	0.007659768255
577	0.007659465639
578	0.007658468193
579	0.007657960909
580	0.00765740815
581	0.007657063468
582	0.007656760846
583	0.007656519043
584	0.007656220241
585	0.007655903213
586	0.007655558743
587	0.007655156672
588	0.007654731871
589	0.00765421508
590	0.007653984571
591	0.007653443009
592	0.007653068832
593	0.007652757476
594	0.007652313758
595	0.007651741139
596	0.007651270214
597	0.007651186733
598	0.007650288205
599	0.007649619327
600	0.007649238143
601	0.007648461653
602	0.007647771581
603	0.007647511953
604	0.007647285786
605	0.007646863287
606	0.007646385692
607	0.007645487311
608	0.007645024165
609	0.007644423102
610	0.007644009266
611	0.007643627088
612	0.007643271814
613	0.007642890976
614	0.007642672147
615	0.007642234421
616	0.007641787741
617	0.007641400919
618	0.007641055146
619	0.007640888089
620	0.007640435305
621	0.007640090571
622	0.007639559917
623	0.007639024499
624	0.007638372495
625	0.007637942035
626	0.007637394793
627	0.007637094205
628	0.007636718392
629	0.007636187112
630	0.00763595098
631	0.00763521529
632	0.00763475465
633	0.007634165393
634	0.007633092744
635	0.007632607701
636	0.007632129232
637	0.007631633445
638	0.007631095254
639	0.007630725247
640	0.007630432766
641	0.007630130374
642	0.007629784286
643	0.007629409175
644	0.007629190371
645	0.007628859064
646	0.007628333215
647	0.007628106207
648	0.007627631934
649	0.007627309892
650	0.007626857319
651	0.007626435208
652	0.007626254221
653	0.007625868563
654	0.007625562318
655	0.007624757806
656	0.007624412432
657	0.007623859495
658	0.007623473672
659	0.007622955687
660	0.007622419517
661	0.007621964811
662	0.007621415582
663	0.007621100592
664	0.007620615496
665	0.007620211241
666	0.007619670736
667	0.007619249144
668	0.00761899163
669	0.007618734058
670	0.007618436311
671	0.007618080982
672	0.007617720868
673	0.007617296337
674	0.007616889602
675	0.007616669735
676	0.007615756415
677	0.007615327571
678	0.007614939457
679	0.00761427943
680	0.007613848795
681	0.007613109811
682	0.007612738968
683	0.007612377555
684	0.007611858721
685	0.007611210243
686	0.007610575875
687	0.00760961721
688	0.007609372917
689	0.007608906793
690	0.00760804267
691	0.00760730112
692	0.007606855491
693	0.007606310126
694	0.007605950394
695	0.00760546826
696	0.007605109666
697	0.007604627796
698	0.007604368742
699	0.007603340338
700	0.007602878471
701	0.007602489524
702	0.007602010069
703	0.007601622186
704	0.00760127192
705	0.007600790504
706	0.007599957554
707	0.007599642563
708	0.007598944247
709	0.007598416811
710	0.007597994199
711	0.00759730441
712	0.007596999146
713	0.007596426738
714	0.007595540497
715	0.007595188977
716	0.007594809269
717	0.007594246242
718	0.007593879071
719	0.007593437712
720	0.007593039706
721	0.00759278748
722	0.007592039822
723	0.007591061933
724	0.007590551437
725	0.007590268706
726	0.007589853176
727	0.007589631493
728	0.007589027516
729	0.007588594379
730	0.007588245112
731	0.007587426348
732	0.007587074078
733	0.007586791702
734	0.007586500908
735	0.007586068786
736	0.007585891182
737	0.007585396885
738	0.007584554962
739	0.007584242032
740	0.007583577741
741	0.007582853051
742	0.007582519487
743	0.007582276086
744	0.00758152877
745	0.00758070621
746	0.007579798671
747	0.007579032626
748	0.007578360164
749	0.007577753446
750	0.007577333373
751	0.007576439143
752	0.007576046655
753	0.007575639035
754	0.007575324492
755	0.00757484988
756	0.007574594049
757	0.007574406406
758	0.007573992359
759	0.007573786599
760	0.007572691754
761	0.007572251336
762	0.007572070952
763	0.007571523433
764	0.007571292442
765	0.007570982426
766	0.007570701616
767	0.007570281533
768	0.007570173591
769	0.007569396246
770	0.00756897745
771	0.007568633899
772	0.007568300365
773	0.007567978124
774	0.007567311311
775	0.007567075642
776	0.007566250138
777	0.007565161171
778	0.007564724087
779	0.007564416951
780	0.007563837909
781	0.00756309957
782	0.007562374824
783	0.00756175494
784	0.007561401313
785	0.007561111871
786	0.007560923025
787	0.007560295122
788	0.007559957462
789	0.007559491534
790	0.007559081778
791	0.007558809598
792	0.00755832177
793	0.007557970603
794	0.007557658972
795	0.00755705498
796	0.007556491121
797	0.007556135342
798	0.007555812283
799	0.007555247478
800	0.007554537804
801	0.00755357288
802	0.007553216087
803	0.007552992539
804	0.007552604404
805	0.007552047046
806	0.007551508629
807	0.007550885983
808	0.007550319687
809	0.007549523523
810	0.007549018833
811	0.007548507273
812	0.007548154642
813	0.007547578267
814	0.007547411652
815	0.007547052284
816	0.00754659235
817	0.007546177291
818	0.007545996534
819	0.007545629018
820	0.007544489535
821	0.007543711675
822	0.007543161324
823	0.00754248422
824	0.007541775027
825	0.007540936723
826	0.007540162636
827	0.007539807449
828	0.007539486904
829	0.007539099509
830	0.007538870003
831	0.007538692767
832	0.007538116606
833	0.007537675196
834	0.00753696433
835	0.007535793605
836	0.007535316747
837	0.007535052788
838	0.007534703177
839	0.007534257202
840	0.007533499666
841	0.007533020356
842	0.007532555851
843	0.007531877198
844	0.007531186922
845	0.007530853999
846	0.007530214865
847	0.007529886888
848	0.007529042999
849	0.007528550735
850	0.007527988503
851	0.007527407315
852	0.007527033128
853	0.007526499702
854	0.007525943282
855	0.007525376897
856	0.007525096815
857	0.007524058772
858	0.007523672839
859	0.007523404794
860	0.007523128342
861	0.007522777849
862	0.007522583726
863	0.007522083999
864	0.00752148771
865	0.007520792523
866	0.007520275156
867	0.007519787327
868	0.007519468567
869	0.007518963721
870	0.007518535438
871	0.00751817793
872	0.007517782794
873	0.007517535903
874	0.007517150985
875	0.007516741634
876	0.007516033545
877	0.007515508604
878	0.007515018916
879	0.007514750644
880	0.007514417236
881	0.007513852555
882	0.007512982741
883	0.007512649191
884	0.007512432849
885	0.007512019837
886	0.007511023215
887	0.007510782735
888	0.007510160174
889	0.007509197387
890	0.007508921434
891	0.007508382874
892	0.007508094502
893	0.007507320786
894	0.007506705548
895	0.007506424662
896	0.007505934868
897	0.007505498684
898	0.007504876042
899	0.007504341919
900	0.007503903033
901	0.007503560182
902	0.007503117643
903	0.007501805022
904	0.007501446793
905	0.007500821524
906	0.007500421767
907	0.007500176527
908	0.007499765526
909	0.007499395582
910	0.00749891294
911	0.0074979783
912	0.007497684563
913	0.007497109013
914	0.007496568124
915	0.007496030423
916	0.007495825453
917	0.007495260761
918	0.007494856329
919	0.007494626908
920	0.007494345262
921	0.007493917048
922	0.007493351377
923	0.007492593802
924	0.007491922856
925	0.007491550799
926	0.007490705576
927	0.007490115338
928	0.007489884675
929	0.007489369484
930	0.007488735056
931	0.007488501257
932	0.007488135122
933	0.007487585633
934	0.007486920788
935	0.007486623326
936	0.007486297391
937	0.007485971217
938	0.007485573251
939	0.007485051204
940	0.00748440748
941	0.007484159999
942	0.00748347788
943	0.007483314847
944	0.007482776598
945	0.007482350889
946	0.007481926933
947	0.007481714481
948	0.00748133639
949	0.007480903727
950	0.007480663456
951	0.007480387867
952	0.007479913094
953	0.007479165376
954	0.007478686819
955	0.007478187581
956	0.007477348646
957	0.007476979688
958	0.00747659407
959	0.007476300753
960	0.007475859854
961	0.007474879804
962	0.007473893705
963	0.007473204845
964	0.00747281489
965	0.007472154175
966	0.007471904783
967	0.007471563133
968	0.007470657984
969	0.007470396427
970	0.007469880109
971	0.00746956866
972	0.007469070546
973	0.00746865365
974	0.007468360069
975	0.007467164466
976	0.00746674344
977	0.00746621652
978	0.007465933428
979	0.007465634507
980	0.007465275026
981	0.00746468381
982	0.007463665699
983	0.007462773524
984	0.007461773932
985	0.007460967735
986	0.007460530982
987	0.007459618388
988	0.007459008877
989	0.007458692857
990	0.007458377362
991	0.007457796053
992	0.007456805078
993	0.007456435816
994	0.007456199514
995	0.007456006284
996	0.007455533156
997	0.00745482501
998	0.007453947993
999	0.007453545881
1000	0.007452597119
1001	0.007452062886
1002	0.007451583333
1003	0.007450611988
1004	0.007449903102
1005	0.007449008897
1006	0.007448633805
1007	0.00744821028
1008	0.007447822214
1009	0.00744723134
1010	0.00744658947
1011	0.007445993161
1012	0.00744478493
1013	0.007444438266
1014	0.007444202644
1015	0.007443859531
1016	0.007443285421
1017	0.007443111308
1018	0.007442635194
1019	0.007442372555
1020	0.007442001808
1021	0.007441191227
1022	0.007440837661
1023	0.007440080246
1024	0.007439791187
1025	0.007439588247
1026	0.007439042419
1027	0.007438620657
1028	0.00743792885
1029	0.007437594571
1030	0.007437248785
1031	0.007436823788
1032	0.007436382021
1033	0.007436221317
1034	0.007435596437
1035	0.007435272963
1036	0.007435016495
1037	0.00743462215
1038	0.007433923037
1039	0.007433636981
1040	0.007432739195
1041	0.007432188551
1042	0.007431520403
1043	0.007431034224
1044	0.007430708514
1045	0.007429970302
1046	0.007429615781
1047	0.007428917325
1048	0.007428098352
1049	0.007427318863
1050	0.007426455736
1051	0.007426079346
1052	0.007425825718
1053	0.007425292077
1054	0.00742497857
1055	0.007424651297
1056	0.00742416025
1057	0.007423737622
1058	0.007423560934
1059	0.007423245849
1060	0.007422686163
1061	0.007421609816
1062	0.007421156447
1063	0.007420753904
1064	0.007419928441
1065	0.007419337929
1066	0.007418946211
1067	0.007418711441
1068	0.007418131456
1069	0.007417282294
1070	0.007416817356
1071	0.007416284506
1072	0.007416022327
1073	0.007415721813
1074	0.007415424641
1075	0.007414521336
1076	0.007414301886
1077	0.007413724897
1078	0.007413391564
1079	0.007412511655
1080	0.007411198727
1081	0.007410721415
1082	0.007410330983
1083	0.007410057246
1084	0.007409498897
1085	0.007409108533
1086	0.007408782645
1087	0.007408048296
1088	0.007407797322
1089	0.007407194411
1090	0.00740641679
1091	0.007405821868
1092	0.007405382217
1093	0.007405097682
1094	0.007404659221
1095	0.007403774955
1096	0.007403509085
1097	0.007403283427
1098	0.007402851015
1099	0.00740254558
1100	0.007402324971
1101	0.007402062099
1102	0.007401555653
1103	0.007401194136
1104	0.007400887018
1105	0.00740036978
1106	0.007400068806
1107	0.007399730855
1108	0.007399140014
1109	0.007398750087
1110	0.007398226251
1111	0.007397747772
1112	0.007397470198
1113	0.007397210273
1114	0.007396973458
1115	0.007396709029
1116	0.007396021378
1117	0.007395841159
1118	0.007395339121
1119	0.007394852048
1120	0.007394502057
1121	0.007393571209
1122	0.007392957519
1123	0.007392420865
1124	0.007391817463
1125	0.007391630414
1126	0.00739130823
1127	0.007390280993
1128	0.007390102261
1129	0.007389382495
1130	0.007389133943
1131	0.007388677361
1132	0.007388253926
1133	0.007387972982
1134	0.007387734665
1135	0.007387204921
1136	0.007386723484
1137	0.007386129523
1138	0.007385681242
1139	0.007385336454
1140	0.007384571485
1141	0.007384181569
1142	0.007383326822
1143	0.007383105715
1144	0.007383012916
1145	0.00738190344
1146	0.00738149449
1147	0.007380966266
1148	0.007380658231
1149	0.007380206998
1150	0.007379892917
1151	0.007379457894
1152	0.007379302678
1153	0.007378848931
1154	0.007378281582
1155	0.007378140849
1156	0.00737786153
1157	0.00737695615
1158	0.007376187395
1159	0.007375979072
1160	0.007375448227
1161	0.007375171707
1162	0.007374527435
1163	0.007373934522
1164	0.007373367548
1165	0.007372872633
1166	0.007372365595
1167	0.007371918403
1168	0.007371622473
1169	0.007371148747
1170	0.007370262236
1171	0.007369425065
1172	0.007368977849
1173	0.007368412525
1174	0.007367843549
1175	0.007367459173
1176	0.007366969569
1177	0.007366733066
1178	0.007366333002
1179	0.007365875951
1180	0.007365269879
1181	0.00736475874
1182	0.007364114251
1183	0.007363682941
1184	0.007363115098
1185	0.007362475877
1186	0.007361769583
1187	0.007361412257
1188	0.007361173814
1189	0.007360726383
1190	0.007360004185
1191	0.007358881512
1192	0.007358495795
1193	0.007358087062
1194	0.007357800069
1195	0.00735754181
1196	0.007357301563
1197	0.007356970703
1198	0.007356483313
1199	0.007356111052
1200	0.007355739674
1201	0.007355379408
1202	0.007354484197
1203	0.007354201844
1204	0.007353827043
1205	0.007353525417
1206	0.007352994854
1207	0.007352789654
1208	0.007352213865
1209	0.007351620798
1210	0.007351440184
1211	0.00735122985
1212	0.007350999494
1213	0.007350625364
1214	0.007350237733
1215	0.00734944821
1216	0.007348891863
1217	0.007348591324
1218	0.007348037339
1219	0.007347677003
1220	0.00734747058
1221	0.007346472418
1222	0.007346250671
1223	0.007345971592
1224	0.007345444223
1225	0.007345063749
1226	0.007344813712
1227	0.007344380711
1228	0.00734377426
1229	0.007343594475
1230	0.007343339442
1231	0.007342996811
1232	0.007342455695
1233	0.007342095174
1234	0.007341724364
1235	0.00734133265
1236	0.007340473143
1237	0.007340054706
1238	0.007339894581
1239	0.007339353866
1240	0.007338606084
1241	0.007338263953
1242	0.007338025021
1243	0.007337645134
1244	0.007337173616
1245	0.007336632892
1246	0.007336348091
1247	0.007335835124
1248	0.007335464366
1249	0.007334865977
1250	0.007334263681
1251	0.007333484585
1252	0.007333120104
1253	0.007332946172
1254	0.007332690422
1255	0.007331787392
1256	0.007331535864
1257	0.007330833521
1258	0.007330548746
1259	0.007330400568
1260	0.007330275704
1261	0.007330072101
1262	0.007329537975
1263	0.00732921584
1264	0.007329055299
1265	0.007328739364
1266	0.007328247452
1267	0.007327648454
1268	0.007327098107
1269	0.007326475594
1270	0.007326311524
1271	0.007325853397
1272	0.007325687219
1273	0.007325596707
1274	0.007325480903
1275	0.00732496604
1276	0.007324483826
1277	0.007324009225
1278	0.007323338152
1279	0.007323107413
1280	0.007322702245
1281	0.007322307488
1282	0.007321652612
1283	0.007321248261
1284	0.007320672101
1285	0.007320285526
1286	0.007319482089
1287	0.007319163981
1288	0.007318884632
1289	0.00731864725
1290	0.007318322019
1291	0.007318116348
1292	0.007317397869
1293	0.007317130111
1294	0.007316960947
1295	0.007316687082
1296	0.007316382111
1297	0.007315740219
1298	0.00731550282
1299	0.007315040453
1300	0.007314877092
1301	0.007314129176
1302	0.007313550717
1303	0.007312865723
1304	0.007312390804
1305	0.007311926596
1306	0.007311410425
1307	0.007311124933
1308	0.007310344425
1309	0.007309908951
1310	0.007309660127
1311	0.007308820797
1312	0.00730861909
1313	0.007308323407
1314	0.00730762589
1315	0.007307373867
1316	0.007306333313
1317	0.007305970584
1318	0.007305489532
1319	0.007304727217
1320	0.00730449593
1321	0.007304307511
1322	0.007304049722
1323	0.007303823909
1324	0.007303639112
1325	0.007303307726
1326	0.007302647627
1327	0.007302277245
1328	0.007301275637
1329	0.007300647943
1330	0.007300371081
1331	0.007299295486
1332	0.007298944111
1333	0.007298796773
1334	0.007298627179
1335	0.007298455222
1336	0.007298330257
1337	0.007298183648
1338	0.007298072122
1339	0.007297490619
1340	0.007297123754
1341	0.007296785774
1342	0.007295607887
1343	0.007294757921
1344	0.007294050461
1345	0.007293677716
1346	0.007293552977
1347	0.007293441394
1348	0.007293160441
1349	0.007292917286
1350	0.007292311846
1351	0.0072919215
1352	0.007291585038
1353	0.007290898332
1354	0.00728996176
1355	0.007289501401
1356	0.00728910732
1357	0.007288769678
1358	0.007288546723
1359	0.007288190072
1360	0.007287869511
1361	0.007287024735
1362	0.007286647308
1363	0.007286533033
1364	0.007285922735
1365	0.007285450008
1366	0.007285094203
1367	0.007284549547
1368	0.007283994488
1369	0.007283082026
1370	0.007282652306
1371	0.007281958677
1372	0.007281532066
1373	0.007280983231
1374	0.007280551153
1375	0.007280175739
1376	0.007279712943
1377	0.00727949113
1378	0.007278941433
1379	0.007278481292
1380	0.00727776107
1381	0.007277551897
1382	0.007277407807
1383	0.007277050632
1384	0.007276631921
1385	0.007276463451
1386	0.007275551415
1387	0.007275044751
1388	0.007274493674
1389	0.007274068356
1390	0.007273627849
1391	0.00727336052
1392	0.007273261546
1393	0.007272858713
1394	0.007272528007
1395	0.007272284004
1396	0.007271881621
1397	0.007271476314
1398	0.007270938392
1399	0.007270530154
1400	0.007270005144
1401	0.007269737264
1402	0.007269500021
1403	0.007268950057
1404	0.007268014351
1405	0.007267806742
1406	0.007267487804
1407	0.007266959507
1408	0.007266786702
1409	0.007266222147
1410	0.007265076656
1411	0.007264801645
1412	0.007264344748
1413	0.007264183482
1414	0.007263796233
1415	0.007263417959
1416	0.007263173173
1417	0.007262924022
1418	0.007262592308
1419	0.007262130357
1420	0.007261303348
1421	0.007261219171
1422	0.007260871616
1423	0.007260144681
1424	0.007259414976
1425	0.007259227059
1426	0.007258867443
1427	0.007258609484
1428	0.007258031486
1429	0.007257506825
1430	0.007256624293
1431	0.007256373304
1432	0.007256104384
1433	0.007255897692
1434	0.007255586748
1435	0.007255109061
1436	0.007254446095
1437	0.007254178997
1438	0.007253702236
1439	0.007253429195
1440	0.007252815576
1441	0.007252515656
1442	0.00725247076
1443	0.007252307679
1444	0.007251749906
1445	0.007251221017
1446	0.007250653028
1447	0.007250156005
1448	0.007250028264
1449	0.007249419932
1450	0.007249219703
1451	0.007249028314
1452	0.007248812232
1453	0.00724863314
1454	0.007248077425
1455	0.007247861575
1456	0.007247638263
1457	0.00724727048
1458	0.007246951838
1459	0.007246835088
1460	0.007246539405
1461	0.007245987895
1462	0.007245545742
1463	0.007245317977
1464	0.007244912781
1465	0.007244723345
1466	0.007244290376
1467	0.007243884657
1468	0.007243646015
1469	0.007243427189
1470	0.007243210244
1471	0.007243005673
1472	0.007242791422
1473	0.007242575338
1474	0.007242110658
1475	0.00724171676
1476	0.007241101819
1477	0.007240892772
1478	0.007240477483
1479	0.007239888291
1480	0.007239658272
1481	0.007239008041
1482	0.007238820124
1483	0.007238703337
1484	0.007238576962
1485	0.007237711862
1486	0.007237109719
1487	0.007236511184
1488	0.007236189766
1489	0.007235809006
1490	0.007235494947
1491	0.007235246855
1492	0.007234999498
1493	0.007234727239
1494	0.007234468672
1495	0.007234014387
1496	0.007233471197
1497	0.007233071373
1498	0.007232806881
1499	0.007232563597
1500	0.007232284846
1501	0.00723176449
1502	0.0072314914
1503	0.007231233003
1504	0.007230959906
1505	0.007230587561
1506	0.00723034658
1507	0.007229880477
1508	0.00722939937
1509	0.007229188697
1510	0.007228753697
1511	0.007228449745
1512	0.007228132168
1513	0.007227385855
1514	0.007226996885
1515	0.007226784283
1516	0.007226581373
1517	0.007226016433
1518	0.007225561155
1519	0.007224938466
1520	0.007224411899
1521	0.007224230092
1522	0.007223975175
1523	0.007223543283
1524	0.007223133803
1525	0.007222966483
1526	0.007222323664
1527	0.007222024399
1528	0.007221634383
1529	0.007221396354
1530	0.007220865893
1531	0.007220186479
1532	0.007219839093
1533	0.007219523624
1534	0.007219399037
1535	0.007219043827
1536	0.00721892313
1537	0.007218661135
1538	0.007218218248
1539	0.007217697614
1540	0.007217570255
1541	0.007217026646
1542	0.007216596783
1543	0.007216016956
1544	0.007215512527
1545	0.007215262313
1546	0.00721509208
1547	0.007214715147
1548	0.007214436036
1549	0.007214008407
1550	0.00721335468
1551	0.007213146091
1552	0.007212731607
1553	0.007212604648
1554	0.007212199472
1555	0.007211839509
1556	0.007211493526
1557	0.007211151508
1558	0.007210983759
1559	0.007210628433
1560	0.007210348469
1561	0.007209544968
1562	0.00720933393
1563	0.007209244283
1564	0.007208916271
1565	0.007208376603
1566	0.007208199056
1567	0.007207508139
1568	0.007207249166
1569	0.007206730353
1570	0.007206384181
1571	0.007205764749
1572	0.007205268273
1573	0.007204866892
1574	0.007204456219
1575	0.007204046071
1576	0.007203603983
1577	0.007203390869
1578	0.007202804294
1579	0.007202541196
1580	0.007202029925
1581	0.007201783655
1582	0.007201598207
1583	0.007201250671
1584	0.00720073538
1585	0.007200527942
1586	0.007200012526
1587	0.007199731002
1588	0.007199344918
1589	0.007198879853
1590	0.00719854257
1591	0.007198204267
1592	0.007198054139
1593	0.007197264442
1594	0.007196649678
1595	0.007196498101
1596	0.007196045933
1597	0.00719589869
1598	0.007195354832
1599	0.007195173702
1600	0.00719498464
1601	0.007194683933
1602	0.0071945415
1603	0.007194127537
1604	0.007193730578
1605	0.007192930863
1606	0.007192598028
1607	0.007192102265
1608	0.007191696881
1609	0.007190997591
1610	0.00719080171
1611	0.00719064289
1612	0.007190241898
1613	0.007190019596
1614	0.007189654136
1615	0.007189162862
1616	0.007188929014
1617	0.007188721119
1618	0.007188294569
1619	0.007187722895
1620	0.007187035686
1621	0.007186521078
1622	0.007186087466
1623	0.007185886831
1624	0.007185457637
1625	0.007185331372
1626	0.007184929719
1627	0.007184430987
1628	0.00718390383
1629	0.007183603001
1630	0.00718274305
1631	0.007182423226
1632	0.007182252936
1633	0.007181820815
1634	0.007181581501
1635	0.007181324171
1636	0.00718119131
1637	0.007180784912
1638	0.007180593145
1639	0.007180059089
1640	0.007179754055
1641	0.007178971316
1642	0.007178564068
1643	0.007178130268
1644	0.007177805858
1645	0.007177519865
1646	0.007177158653
1647	0.007176880216
1648	0.007176615474
1649	0.007176201217
1650	0.007175938481
1651	0.007175683052
1652	0.007175171068
1653	0.007175020161
1654	0.007174378042
1655	0.007174282698
1656	0.00717395277
1657	0.007173694876
1658	0.00717336346
1659	0.007173227365
1660	0.007172984738
1661	0.007172476231
1662	0.007172327365
1663	0.007172104218
1664	0.007171762613
1665	0.007171332984
1666	0.007170798379
1667	0.007170382225
1668	0.007170021288
1669	0.007169801575
1670	0.007169389498
1671	0.00716882783
1672	0.007168557081
1673	0.007168193419
1674	0.007167959386
1675	0.007167686682
1676	0.007166983424
1677	0.007166485341
1678	0.007166127034
1679	0.007165662698
1680	0.007165528446
1681	0.007165385284
1682	0.007165226237
1683	0.007164784608
1684	0.007164517227
1685	0.007163887398
1686	0.007163244898
1687	0.007163095958
1688	0.007162941377
1689	0.007162848406
1690	0.007162399595
1691	0.007162124755
1692	0.007162032095
1693	0.007161597779
1694	0.007161086865
1695	0.00716090973
1696	0.007160539615
1697	0.007160308532
1698	0.007160130025
1699	0.007159958902
1700	0.007159669215
1701	0.007159520417
1702	0.007159241612
1703	0.007158880559
1704	0.007158267497
1705	0.007157983422
1706	0.007157576957
1707	0.007157324373
1708	0.007157184955
1709	0.00715675244
1710	0.007156472264
1711	0.007156220309
1712	0.007155409062
1713	0.00715500549
1714	0.007154617602
1715	0.007154264407
1716	0.007154029323
1717	0.007153793588
1718	0.007153455847
1719	0.007153245221
1720	0.007153017197
1721	0.007152867666
1722	0.007152764132
1723	0.00715261334
1724	0.007152460665
1725	0.00715207161
1726	0.007151775721
1727	0.007151638544
1728	0.00715143572
1729	0.007150980694
1730	0.007150745193
1731	0.007150458431
1732	0.007150016809
1733	0.007149654759
1734	0.007149446244
1735	0.007149214518
1736	0.00714902193
1737	0.007148445611
1738	0.007148215931
1739	0.007147896283
1740	0.00714772845
1741	0.007147427506
1742	0.007147234625
1743	0.007146994783
1744	0.007146883463
1745	0.007146581609
1746	0.007146486934
1747	0.007146126586
1748	0.007145865326
1749	0.007145369702
1750	0.007144770817
1751	0.007144606507
1752	0.007144498166
1753	0.007143818005
1754	0.007143719661
1755	0.007143581483
1756	0.007143320553
1757	0.007143205762
1758	0.007142688958
1759	0.007142042494
1760	0.007141367691
1761	0.00714074596
1762	0.007140423568
1763	0.007140000665
1764	0.007139319279
1765	0.007138589065
1766	0.007138044028
1767	0.007137715297
1768	0.00713745425
1769	0.007137011611
1770	0.007136751374
1771	0.007136322837
1772	0.007135966104
1773	0.007135645834
1774	0.007135271373
1775	0.007134951517
1776	0.007134830082
1777	0.007134684921
1778	0.007134258847
1779	0.00713392652
1780	0.007133814081
1781	0.007133546437
1782	0.007133067836
1783	0.007132651727
1784	0.007132393386
1785	0.007132101646
1786	0.007131971254
1787	0.007131240124
1788	0.007130552636
1789	0.00713015319
1790	0.007129971513
1791	0.007129414359
1792	0.007128923267
1793	0.007128441291
1794	0.007128285574
1795	0.007128003461
1796	0.007127611868
1797	0.00712720206
1798	0.007126486064
1799	0.007126343282
1800	0.007126086435
1801	0.007125691764
1802	0.007125498386
1803	0.007125039617
1804	0.007124812903
1805	0.007124650345
1806	0.007124287381
1807	0.007123903935
1808	0.00712366438
1809	0.007123459925
1810	0.007123296786
1811	0.007122735557
1812	0.007122482625
1813	0.007122357614
1814	0.007122151955
1815	0.007121917477
1816	0.007121780338
1817	0.007121310618
1818	0.007120938768
1819	0.007120115172
1820	0.007119614308
1821	0.00711888123
1822	0.007118620779
1823	0.007118452525
1824	0.007117870167
1825	0.007117727515
1826	0.007117530921
1827	0.007117207647
1828	0.007116772186
1829	0.007116191249
1830	0.007115999447
1831	0.007115575525
1832	0.007115191809
1833	0.007115006121
1834	0.007114842705
1835	0.007114603144
1836	0.00711408005
1837	0.00711372298
1838	0.007113563279
1839	0.007113090657
1840	0.007112849111
1841	0.007112670175
1842	0.007112352241
1843	0.007111868782
1844	0.007111725201
1845	0.007111503203
1846	0.007111385946
1847	0.007111085172
1848	0.007110792405
1849	0.0071102202
1850	0.007109848661
1851	0.007109741166
1852	0.00710941819
1853	0.007109314265
1854	0.007109221421
1855	0.007108985842
1856	0.007108651069
1857	0.00710830079
1858	0.007108113862
1859	0.007107728054
1860	0.007107595206
1861	0.007107191006
1862	0.0071070017
1863	0.00710664314
1864	0.007106283804
1865	0.007106180171
1866	0.007105982002
1867	0.00710579878
1868	0.007105751413
1869	0.007105605305
1870	0.007105467504
1871	0.007105274489
1872	0.007104814794
1873	0.007104662903
1874	0.007104338868
1875	0.007104181581
1876	0.00710386574
1877	0.007103541341
1878	0.007103383357
1879	0.007103090556
1880	0.007102894774
1881	0.00710278433
1882	0.007102717213
1883	0.007102387302
1884	0.007102137105
1885	0.00710182135
1886	0.007101677798
1887	0.007101552196
1888	0.007101376047
1889	0.007101158425
1890	0.007100659766
1891	0.007100443332
1892	0.007100336267
1893	0.00710010202
1894	0.007099979037
1895	0.00709985376
1896	0.007099574211
1897	0.007099214807
1898	0.007098870287
1899	0.00709841064
1900	0.007098221315
1901	0.007098082919
1902	0.007097986861
1903	0.007097471526
1904	0.007097414499
1905	0.007097279334
1906	0.007096971561
1907	0.007096874321
1908	0.007096604915
1909	0.007096202275
1910	0.007096060218
1911	0.007095703948
1912	0.007095595011
1913	0.007095114296
1914	0.007094860128
1915	0.007094663907
1916	0.007094405198
1917	0.007094266508
1918	0.007094141463
1919	0.007093614194
1920	0.007093473424
1921	0.007092442982
1922	0.007092242212
1923	0.007092025214
1924	0.007091676934
1925	0.007091394704
1926	0.007091230763
1927	0.007090986334
1928	0.007090716257
1929	0.007090289789
1930	0.007090025455
1931	0.007089543956
1932	0.007089108955
1933	0.007088707361
1934	0.007088585602
1935	0.007088477177
1936	0.007088408989
1937	0.007088234172
1938	0.00708776372
1939	0.00708737292
1940	0.007087119403
1941	0.007086677949
1942	0.00708628219
1943	0.007086090027
1944	0.007085864253
1945	0.007085555654
1946	0.007085210728
1947	0.007084680608
1948	0.007084550909
1949	0.007083959221
1950	0.007083319277
1951	0.007082755313
1952	0.00708251744
1953	0.00708237996
1954	0.007081640101
1955	0.007081422603
1956	0.007081083254
1957	0.007080868198
1958	0.00708059813
1959	0.007080187452
1960	0.007079932274
1961	0.007079774731
1962	0.007079390852
1963	0.007079319521
1964	0.007078969724
1965	0.007078572787
1966	0.007078342031
1967	0.007078197157
1968	0.007077789334
1969	0.007077668299
1970	0.007077117173
1971	0.007076844016
1972	0.007076736418
1973	0.007076493038
1974	0.007076361975
1975	0.007076142343
1976	0.007075852287
1977	0.007075598007
1978	0.007075393291
1979	0.007075120252
1980	0.007074818322
1981	0.007074703768
1982	0.0070742862
1983	0.007074081183
1984	0.007073925559
1985	0.007073741107
1986	0.007073481371
1987	0.00707316507
1988	0.007072914562
1989	0.007072660406
1990	0.007072442394
1991	0.007072389323
1992	0.007072229703
1993	0.00707182588
1994	0.007071440415
1995	0.007071350404
1996	0.007071181672
1997	0.007070941914
1998	0.007070656054
1999	0.007070552845
2000	0.00707007932
2001	0.007069938054
2002	0.007069507963
2003	0.007069171481
2004	0.007069076398
2005	0.007068787993
2006	0.00706863943
2007	0.007068425518
2008	0.007068318644
2009	0.007068225662
2010	0.007067963904
2011	0.007067518241
2012	0.00706744639
2013	0.007067355076
2014	0.007067013769
2015	0.007066663613
2016	0.007066585938
2017	0.007066380199
2018	0.007066104045
2019	0.007065986897
2020	0.007065474069
2021	0.007065290213
2022	0.00706510797
2023	0.007064876607
2024	0.007064651045
2025	0.007064450615
2026	0.007064036898
2027	0.007063535571
2028	0.007063350996
2029	0.007063147751
2030	0.007062681072
2031	0.007062435984
2032	0.007062120031
2033	0.007061561619
2034	0.007061470621
2035	0.007061204234
2036	0.007060921554
2037	0.007060609304
2038	0.007060270902
2039	0.007060080795
2040	0.00705983813
2041	0.007059697703
2042	0.007059601272
2043	0.007059332742
2044	0.007059135275
2045	0.007058773288
2046	0.007058698121
2047	0.007058595687
2048	0.007058436914
2049	0.007057975877
2050	0.007057877622
2051	0.007057524965
2052	0.007057012438
2053	0.007056785836
2054	0.007056426097
2055	0.007056226419
2056	0.007055784182
2057	0.007055407755
2058	0.00705525123
2059	0.007054868144
2060	0.007054622075
2061	0.007054341258
2062	0.007054086186
2063	0.007053747051
2064	0.007053621398
2065	0.007053202735
2066	0.007053019555
2067	0.007052754664
2068	0.007052653346
2069	0.007052337388
2070	0.007051950007
2071	0.007051655074
2072	0.007051452018
2073	0.007051169518
2074	0.007050733561
2075	0.007050551203
2076	0.007050114773
2077	0.007049985522
2078	0.007049858117
2079	0.007049636501
2080	0.007049573328
2081	0.007049444782
2082	0.007049310562
2083	0.007048895012
2084	0.007048681665
2085	0.00704817794
2086	0.007048040576
2087	0.007047736035
2088	0.007047397152
2089	0.007046903597
2090	0.007046615686
2091	0.007046096839
2092	0.007045946647
2093	0.007045246681
2094	0.007045016005
2095	0.007044806362
2096	0.007044313522
2097	0.007044230252
2098	0.007044058554
2099	0.007043941478
2100	0.007043597152
2101	0.007043288366
2102	0.007043212328
2103	0.007042882205
2104	0.007042307932
2105	0.007042009655
2106	0.007041527477
2107	0.007041412448
2108	0.007041017411
2109	0.007040713706
2110	0.007040513954
2111	0.007040353454
2112	0.007040026631
2113	0.007039939891
2114	0.007039790512
2115	0.007039493449
2116	0.007038961208
2117	0.007038857754
2118	0.00703851886
2119	0.007038076879
2120	0.007037972161
2121	0.007037679164
2122	0.007037370194
2123	0.007037243598
2124	0.00703714082
2125	0.007036414677
2126	0.007036090166
2127	0.007035974909
2128	0.007035764829
2129	0.007035525414
2130	0.007035418179
2131	0.007035353564
2132	0.007035058221
2133	0.007034444303
2134	0.007034144507
2135	0.007034044143
2136	0.007033635521
2137	0.007033492286
2138	0.007033139644
2139	0.007032525245
2140	0.007032349346
2141	0.007032159569
2142	0.007032064173
2143	0.007031707665
2144	0.00703159165
2145	0.007031400523
2146	0.007031136055
2147	0.007030857633
2148	0.007030366098
2149	0.007030127324
2150	0.007029638074
2151	0.007029323162
2152	0.007028805875
2153	0.007028434115
2154	0.007028184424
2155	0.007027587281
2156	0.007027350496
2157	0.007026973082
2158	0.007026452221
2159	0.007026320106
2160	0.007025860131
2161	0.007025742003
2162	0.007025463868
2163	0.007025336314
2164	0.007024960514
2165	0.007024790697
2166	0.007024345231
2167	0.0070241996
2168	0.007023822973
2169	0.007023561862
2170	0.007023455753
2171	0.007023161273
2172	0.007022905133
2173	0.007022369864
2174	0.007022175795
2175	0.00702139406
2176	0.007021183072
2177	0.007020799772
2178	0.007020352484
2179	0.007020304957
2180	0.007020101683
2181	0.00701973535
2182	0.007019360806
2183	0.00701900892
2184	0.007018527142
2185	0.007018407869
2186	0.007017930761
2187	0.0070177593
2188	0.007017612313
2189	0.007017387092
2190	0.007017199482
2191	0.00701703459
2192	0.007016821537
2193	0.007016513169
2194	0.007016385727
2195	0.007015964012
2196	0.007015674415
2197	0.007015362186
2198	0.007015141755
2199	0.007014685645
2200	0.007014318491
2201	0.00701416525
2202	0.007013888715
2203	0.007013480801
2204	0.007013175378
2205	0.007012972329
2206	0.007012388493
2207	0.007012093757
2208	0.00701178208
2209	0.007011635519
2210	0.007011301574
2211	0.007011160966
2212	0.007010723206
2213	0.007010360464
2214	0.007010203602
2215	0.007010134148
2216	0.007009751178
2217	0.007009624071
2218	0.00700944944
2219	0.007009013388
2220	0.007008538522
2221	0.007008434842
2222	0.007008163899
2223	0.007007858628
2224	0.007007777187
2225	0.007007609502
2226	0.007007333253
2227	0.007007094662
2228	0.007007012788
2229	0.007006640274
2230	0.007006505834
2231	0.00700618169
2232	0.007005934007
2233	0.007005492421
2234	0.007005221036
2235	0.007004862432
2236	0.007004676108
2237	0.007004550805
2238	0.007004152975
2239	0.007003883196
2240	0.00700367953
2241	0.007003474041
2242	0.007003127397
2243	0.007002830468
2244	0.007002695122
2245	0.007002584635
2246	0.007002213919
2247	0.007002096149
2248	0.007001949986
2249	0.007001419429
2250	0.007001267213
2251	0.007000701759
2252	0.007000630904
2253	0.007000517012
2254	0.007000228089
2255	0.006999945185
2256	0.006999524543
2257	0.006999321939
2258	0.006998982919
2259	0.006998862166
2260	0.006998388746
2261	0.0069981517
2262	0.006997942714
2263	0.006997807814
2264	0.006997492142
2265	0.006997311964
2266	0.006997273419
2267	0.006997012705
2268	0.006996703259
2269	0.006996592545
2270	0.006996468842
2271	0.006996345458
2272	0.006996031895
2273	0.006995960907
2274	0.006995746662
2275	0.006995564656
2276	0.006995139432
2277	0.006994771757
2278	0.006994316265
2279	0.006993992409
2280	0.006993714716
2281	0.006993566655
2282	0.006993279984
2283	0.006993083292
2284	0.006992895724
2285	0.006992516576
2286	0.006992434614
2287	0.006992120228
2288	0.006991909174
2289	0.006991746699
2290	0.006991604475
2291	0.006991293632
2292	0.006990737303
2293	0.006990579758
2294	0.00699029213
2295	0.006990155797
2296	0.006989897326
2297	0.006989670484
2298	0.006989415126
2299	0.006989302312
2300	0.006988978712
2301	0.006988793724
2302	0.006988569573
2303	0.006988259372
2304	0.006987987449
2305	0.006987693219
2306	0.006987324228
2307	0.006986994481
2308	0.006986723744
2309	0.006986371095
2310	0.006986290118
2311	0.006985560896
2312	0.006985333795
2313	0.006985160313
2314	0.006985030528
2315	0.006984717547
2316	0.006984514686
2317	0.006984279003
2318	0.006983858841
2319	0.006983614162
2320	0.006983353834
2321	0.006983201775
2322	0.006983034201
2323	0.006982844873
2324	0.00698260855
2325	0.006982361365
2326	0.006982103411
2327	0.006981847323
2328	0.006981707267
2329	0.006981598327
2330	0.006981531922
2331	0.006981306751
2332	0.00698126364
2333	0.006980819077
2334	0.006980518106
2335	0.006980185884
2336	0.006979948605
2337	0.006979539267
2338	0.00697934412
2339	0.006979207648
2340	0.006978813157
2341	0.006978495231
2342	0.006978220787
2343	0.006978123856
2344	0.006977958657
2345	0.006977865062
2346	0.006977529262
2347	0.006977349778
2348	0.006977236349
2349	0.006977131178
2350	0.006976961652
2351	0.006976852975
2352	0.006976393375
2353	0.006976229839
2354	0.006976116157
2355	0.006976014634
2356	0.006975699359
2357	0.006975369472
2358	0.006975179316
2359	0.006974837738
2360	0.00697458042
2361	0.006974389437
2362	0.006973901816
2363	0.006973362641
2364	0.006973273111
2365	0.006973086074
2366	0.006972842122
2367	0.006972670492
2368	0.006972587067
2369	0.006972377274
2370	0.006972056714
2371	0.006971773271
2372	0.006971715911
2373	0.006971555976
2374	0.006971416524
2375	0.006971172897
2376	0.006971125221
2377	0.006970930076
2378	0.006970694263
2379	0.006970542935
2380	0.006970433223
2381	0.006969868705
2382	0.00696948603
2383	0.006969420595
2384	0.006969172495
2385	0.006968967385
2386	0.00696852419
2387	0.00696836872
2388	0.00696815693
2389	0.006967681091
2390	0.006967511162
2391	0.006967382931
2392	0.0069670111
2393	0.006966726035
2394	0.006966342377
2395	0.006966224791
2396	0.006966143799
2397	0.006965902049
2398	0.006965818987
2399	0.006965784981
2400	0.006965640167
2401	0.006965479854
2402	0.006965333903
2403	0.006965044954
2404	0.006964837396
2405	0.006964730393
2406	0.006964542225
2407	0.006964429478
2408	0.006964218959
2409	0.006964021139
2410	0.006963767443
2411	0.006963557318
2412	0.006963489775
2413	0.006963168394
2414	0.006962867715
2415	0.006962530149
2416	0.00696236853
2417	0.006962255861
2418	0.006962160986
2419	0.006961710108
2420	0.006961485378
2421	0.006961160831
2422	0.00696096351
2423	0.00696091517
2424	0.006960634483
2425	0.006960501737
2426	0.006960391815
2427	0.006960318671
2428	0.006960089447
2429	0.006959957074
2430	0.006959788302
2431	0.006959560953
2432	0.006959452968
2433	0.006959109126
2434	0.006959040236
2435	0.006958778241
2436	0.006958588184
2437	0.00695839755
2438	0.006957916391
2439	0.006957798363
2440	0.006957338177
2441	0.006957183323
2442	0.006957010444
2443	0.006956697697
2444	0.006956345209
2445	0.0069562096
2446	0.006955962592
2447	0.006955629707
2448	0.006955403097
2449	0.00695529214
2450	0.006955159977
2451	0.006954661577
2452	0.006954495538
2453	0.006954294733
2454	0.006954096658
2455	0.006953966718
2456	0.006953699526
2457	0.006953639972
2458	0.006953465649
2459	0.006953330465
2460	0.006952840919
2461	0.006952331317
2462	0.006951984059
2463	0.006951591351
2464	0.006951223004
2465	0.006951084648
2466	0.006950882471
2467	0.006950726295
2468	0.006950420668
2469	0.006950271322
2470	0.00694992373
2471	0.006949514003
2472	0.006949355136
2473	0.006948951491
2474	0.006948721435
2475	0.006948420245
2476	0.006948063221
2477	0.006947799643
2478	0.006947585512
2479	0.006947480812
2480	0.006947313671
2481	0.006946929524
2482	0.006946761659
2483	0.006946432669
2484	0.006946208299
2485	0.006946103414
2486	0.006945710132
2487	0.006945411078
2488	0.006945226845
2489	0.006944877944
2490	0.006944816183
2491	0.006944471925
2492	0.006944359345
2493	0.006944048774
2494	0.006943719593
2495	0.006943468791
2496	0.006943324549
2497	0.006943216212
2498	0.006942946478
2499	0.006942652988
2500	0.006942470947
2501	0.006942301568
2502	0.006942130103
2503	0.006942074938
2504	0.006941754115
2505	0.00694148278
2506	0.006941305893
2507	0.006941258834
2508	0.006941024157
2509	0.006940898609
2510	0.006940751301
2511	0.006940594879
2512	0.00694042267
2513	0.00694021696
2514	0.006940066142
2515	0.006939778013
2516	0.006939521713
2517	0.006939473044
2518	0.006939380999
2519	0.006939090497
2520	0.006939038082
2521	0.006938939131
2522	0.006938859606
2523	0.00693861848
2524	0.006938557619
2525	0.006938283239
2526	0.006937841375
2527	0.006937387196
2528	0.006937057666
2529	0.006936851469
2530	0.006936719639
2531	0.00693643669
2532	0.006935903177
2533	0.006935846005
2534	0.006935517079
2535	0.006935321
2536	0.006935250549
2537	0.006934965531
2538	0.006934832538
2539	0.006934562287
2540	0.006934122199
2541	0.006933841562
2542	0.00693374541
2543	0.006933460297
2544	0.006933137868
2545	0.006932777294
2546	0.00693270497
2547	0.006932512555
2548	0.006932125048
2549	0.006931635403
2550	0.006931396672
2551	0.006931275341
2552	0.006930965611
2553	0.006930409547
2554	0.006930158498
2555	0.006929993251
2556	0.006929786473
2557	0.006929504449
2558	0.006928851074
2559	0.006928571958
2560	0.006928309334
2561	0.006928198149
2562	0.006928130069
2563	0.006928086067
2564	0.006927704831
2565	0.006927450174
2566	0.006927364275
2567	0.006927128764
2568	0.006926838341
2569	0.006926755438
2570	0.006926338913
2571	0.006926147145
2572	0.00692606714
2573	0.00692587043
2574	0.006925689522
2575	0.006925438692
2576	0.006925066711
2577	0.006924833324
2578	0.00692444109
2579	0.006924307484
2580	0.006923954449
2581	0.006923761593
2582	0.006923449893
2583	0.006923069534
2584	0.00692286781
2585	0.006922807222
2586	0.00692250338
2587	0.006922320185
2588	0.006922226829
2589	0.006921836282
2590	0.006921622544
2591	0.006921426842
2592	0.006921039077
2593	0.006920939934
2594	0.006920763778
2595	0.006920573161
2596	0.006920281334
2597	0.006920173039
2598	0.006920051677
2599	0.006919511858
2600	0.006919285186
2601	0.006919034503
2602	0.006918862541
2603	0.00691854789
2604	0.006918445905
2605	0.00691816088
2606	0.006917791706
2607	0.006917634176
2608	0.006917462024
2609	0.006917386932
2610	0.006917150213
2611	0.006916946312
2612	0.006916651728
2613	0.006916204739
2614	0.006916002421
2615	0.006915877764
2616	0.00691575309
2617	0.006915549268
2618	0.006915405345
2619	0.00691536499
2620	0.006915200506
2621	0.006914931453
2622	0.0069146851
2623	0.006914531871
2624	0.006914120742
2625	0.006913890662
2626	0.006913504938
2627	0.006913361161
2628	0.006913215769
2629	0.006913079283
2630	0.006912781866
2631	0.006912592404
2632	0.006912377004
2633	0.006912122343
2634	0.006912063227
2635	0.006911891635
2636	0.006911768363
2637	0.006911544873
2638	0.006911197458
2639	0.006911107263
2640	0.006910896185
2641	0.006910658655
2642	0.00691051429
2643	0.006910150837
2644	0.006910013726
2645	0.006909928172
2646	0.006909457818
2647	0.006909191772
2648	0.006909019409
2649	0.006908679867
2650	0.006908534928
2651	0.006908324573
2652	0.006908236727
2653	0.006907896027
2654	0.006907611938
2655	0.006907183533
2656	0.006906868933
2657	0.006906611376
2658	0.00690657215
2659	0.006906252723
2660	0.006906088012
2661	0.006905985649
2662	0.006905826556
2663	0.006905629425
2664	0.006905522021
2665	0.006904986463
2666	0.006904750231
2667	0.006904552471
2668	0.006904047965
2669	0.006903825158
2670	0.006903681396
2671	0.006903317275
2672	0.006903149186
2673	0.006902805323
2674	0.006902585922
2675	0.006902241022
2676	0.00690179843
2677	0.006901671749
2678	0.006901565263
2679	0.006901421339
2680	0.006901288209
2681	0.006901097561
2682	0.00690086319
2683	0.006900711579
2684	0.006900365132
2685	0.006900042809
2686	0.006899929986
2687	0.006899818058
2688	0.006899535517
2689	0.006899260872
2690	0.006899166436
2691	0.006898994682
2692	0.006898880637
2693	0.00689873227
2694	0.006898692204
2695	0.006898319351
2696	0.006898062807
2697	0.006897887375
2698	0.00689780784
2699	0.006897664569
2700	0.006897518847
2701	0.006897300017
2702	0.006897182118
2703	0.006896906083
2704	0.006896815728
2705	0.006896500013
2706	0.006896238966
2707	0.006895944959
2708	0.006895451968
2709	0.006895237276
2710	0.006895013438
2711	0.006894758545
2712	0.006894612169
2713	0.006894322755
2714	0.006894021767
2715	0.006893928575
2716	0.006893705839
2717	0.006893297768
2718	0.006893119006
2719	0.006893012072
2720	0.006892702849
2721	0.006892476324
2722	0.006892331411
2723	0.006892059649
2724	0.006892031024
2725	0.006891888917
2726	0.00689174075
2727	0.00689151615
2728	0.006891417027
2729	0.00689121188
2730	0.006891073478
2731	0.006890910252
2732	0.006890748086
2733	0.006890663778
2734	0.006890355524
2735	0.006890110329
2736	0.006890061083
2737	0.006889892098
2738	0.006889708466
2739	0.006889605889
2740	0.006889524942
2741	0.006889308004
2742	0.006888982718
2743	0.006888906712
2744	0.006888822856
2745	0.006888422646
2746	0.00688826846
2747	0.006888178453
2748	0.006887973834
2749	0.006887897853
2750	0.006887760346
2751	0.006887171356
2752	0.006886861718
2753	0.006886750124
2754	0.006886674136
2755	0.006886525437
2756	0.006886392448
2757	0.006886129329
2758	0.006885806237
2759	0.006885697204
2760	0.006885566492
2761	0.006885300888
2762	0.006885074963
2763	0.006884704395
2764	0.006884632699
2765	0.006884483871
2766	0.006884388419
2767	0.006884344634
2768	0.006884233197
2769	0.006883991848
2770	0.006883696236
2771	0.006883631278
2772	0.006883457187
2773	0.006883207621
2774	0.006882879763
2775	0.006882631799
2776	0.006882504097
2777	0.006882222905
2778	0.006882161563
2779	0.006882006719
2780	0.006881866136
2781	0.006881752049
2782	0.006881537441
2783	0.00688142263
2784	0.006881088812
2785	0.006880900006
2786	0.006880788725
2787	0.006880643255
2788	0.006880427319
2789	0.006880382926
2790	0.006880292514
2791	0.006880188354
2792	0.006880027274
2793	0.006879966121
2794	0.006879593099
2795	0.006879371001
2796	0.006879203519
2797	0.006879124424
2798	0.006878770206
2799	0.006878726633
2800	0.006878592514
2801	0.006878520782
2802	0.006878404735
2803	0.00687817341
2804	0.006877769621
2805	0.006877610086
2806	0.00687719952
2807	0.006877128844
2808	0.006876892053
2809	0.006876754402
2810	0.00687645418
2811	0.006876310566
2812	0.006876019678
2813	0.006875815354
2814	0.006875650443
2815	0.006875229251
2816	0.006875022369
2817	0.0068749368
2818	0.006874891579
2819	0.006874781248
2820	0.006874593539
2821	0.006874416439
2822	0.006874147107
2823	0.006873817679
2824	0.006873674876
2825	0.006873575589
2826	0.006873412823
2827	0.006873292634
2828	0.006873028246
2829	0.006872839491
2830	0.006872800008
2831	0.006872679974
2832	0.006872496168
2833	0.00687238091
2834	0.006871881566
2835	0.006871800363
2836	0.006871597035
2837	0.006871396662
2838	0.006871081971
2839	0.006870974188
2840	0.006870442504
2841	0.006870345171
2842	0.006870140806
2843	0.006869889243
2844	0.006869742769
2845	0.006869290214
2846	0.00686891999
2847	0.006868864928
2848	0.006868542269
2849	0.006868383998
2850	0.006868106225
2851	0.006867875382
2852	0.006867773063
2853	0.006867398271
2854	0.006867281369
2855	0.006867054239
2856	0.006867012113
2857	0.00686680498
2858	0.006866508505
2859	0.006866333052
2860	0.00686600079
2861	0.006865851373
2862	0.00686562535
2863	0.006865434415
2864	0.006865256814
2865	0.006865093283
2866	0.006864748635
2867	0.006864600117
2868	0.00686420317
2869	0.006864034294
2870	0.006863912152
2871	0.006863810556
2872	0.006863606696
2873	0.006863473462
2874	0.006863291892
2875	0.006862916888
2876	0.006862531603
2877	0.006862439052
2878	0.006862381701
2879	0.006862170099
2880	0.006861998266
2881	0.006861770955
2882	0.006861606261
2883	0.006861462493
2884	0.00686141577
2885	0.006861198115
2886	0.006860800093
2887	0.006860731925
2888	0.006860605098
2889	0.00686033794
2890	0.006860092765
2891	0.00685991731
2892	0.006859838467
2893	0.006859779627
2894	0.006859673168
2895	0.006859262032
2896	0.006859089737
2897	0.006858983143
2898	0.006858666896
2899	0.006858541794
2900	0.006858257444
2901	0.006858189733
2902	0.006857961915
2903	0.006857913175
2904	0.006857761994
2905	0.006857681045
2906	0.006857621053
2907	0.006857511233
2908	0.006857474583
2909	0.006857334326
2910	0.00685726172
2911	0.006857157469
2912	0.00685697478
2913	0.006856877578
2914	0.006856370051
2915	0.006856024966
2916	0.006855779669
2917	0.006855620343
2918	0.006855337425
2919	0.006854969202
2920	0.006854859163
2921	0.006854619058
2922	0.00685447408
2923	0.00685436642
2924	0.006854037726
2925	0.006853846199
2926	0.00685374424
2927	0.006853558006
2928	0.006853429738
2929	0.006853294095
2930	0.006853114129
2931	0.006852890663
2932	0.00685266416
2933	0.006852417705
2934	0.006852350437
2935	0.006852178146
2936	0.006852057554
2937	0.006851968546
2938	0.006851744135
2939	0.006851532222
2940	0.006851258956
2941	0.006851040318
2942	0.006850868948
2943	0.006850723492
2944	0.006850268098
2945	0.006849885569
2946	0.006849788951
2947	0.006849644635
2948	0.006849285967
2949	0.006848989792
2950	0.006848736859
2951	0.006848588877
2952	0.006848430003
2953	0.006848334441
2954	0.006848183228
2955	0.006848107836
2956	0.006847890616
2957	0.006847839985
2958	0.006847559961
2959	0.006847437499
2960	0.006847317322
2961	0.006847054685
2962	0.006846921737
2963	0.006846789058
2964	0.006846501617
2965	0.0068462373
2966	0.006845686777
2967	0.006845649172
2968	0.006845503881
2969	0.006845425576
2970	0.006845169098
2971	0.006844957094
2972	0.006844874889
2973	0.006844687349
2974	0.006844537705
2975	0.006844470822
2976	0.006844368091
2977	0.006843970173
2978	0.006843867286
2979	0.006843688137
2980	0.006843378671
2981	0.006843311722
2982	0.006843221365
2983	0.006842810549
2984	0.006842715338
2985	0.006842310674
2986	0.006842108058
2987	0.006841791053
2988	0.006841652501
2989	0.006841393322
2990	0.006841208665
2991	0.006840819495
2992	0.006840660074
2993	0.006840305427
2994	0.006840233222
2995	0.006840172893
2996	0.00683994541
2997	0.006839735637
2998	0.006839501585
2999	0.006839230457
